-- Bus Ticketing System Backup
-- Created: 2025-06-26 09:16:38
-- Database: new

-- Table structure for table `booking`
DROP TABLE IF EXISTS `booking`;
CREATE TABLE `booking` (
  `id` int(11) NOT NULL AUTO_INCREMENT,
  `user_id` int(11) NOT NULL,
  `bus_id` int(11) NOT NULL,
  `seat_id` int(11) NOT NULL,
  `route_id` int(11) NOT NULL,
  `status` varchar(20) NOT NULL DEFAULT 'active',
  `payment_info` varchar(255) DEFAULT NULL,
  `payment_method` varchar(50) DEFAULT NULL,
  `payment_status` varchar(20) DEFAULT 'pending',
  `receipt` varchar(255) DEFAULT NULL,
  `qr_code` varchar(255) DEFAULT NULL,
  `created_at` int(11) NOT NULL,
  `updated_at` int(11) NOT NULL,
  PRIMARY KEY (`id`),
  KEY `idx-booking-user_id` (`user_id`),
  KEY `idx-booking-bus_id` (`bus_id`),
  KEY `idx-booking-route_id` (`route_id`),
  KEY `idx-booking-seat_id` (`seat_id`),
  KEY `idx-booking-payment_status` (`payment_status`),
  KEY `idx-booking-created_at` (`created_at`),
  CONSTRAINT `fk-booking-bus_id` FOREIGN KEY (`bus_id`) REFERENCES `bus` (`id`) ON DELETE CASCADE,
  CONSTRAINT `fk-booking-route_id` FOREIGN KEY (`route_id`) REFERENCES `route` (`id`) ON DELETE CASCADE,
  CONSTRAINT `fk-booking-seat_id` FOREIGN KEY (`seat_id`) REFERENCES `seat` (`id`) ON DELETE CASCADE,
  CONSTRAINT `fk-booking-user_id` FOREIGN KEY (`user_id`) REFERENCES `user` (`id`) ON DELETE CASCADE
) ENGINE=InnoDB AUTO_INCREMENT=3 DEFAULT CHARSET=utf8mb4 COLLATE=utf8mb4_general_ci;

-- Data for table `booking`
INSERT INTO `booking` VALUES
('1', '5', '1', '11', '1', 'confirmed', 'Paid via NMB Bank (Development Mode)', 'NMB Bank', 'completed', NULL, '{\"booking_id\":\"1750893654_5\",\"user_id\":5,\"bus_id\":\"1\",\"route_id\":\"1\",\"seat_id\":\"11\",\"timestamp\":1750893654}', '1750893654', '1750893654'),
('2', '5', '3', '118', '5', 'confirmed', 'Paid via Tigo Pesa (Development Mode)', 'Tigo Pesa', 'completed', NULL, '{\"booking_id\":\"1750919245_5\",\"user_id\":5,\"bus_id\":\"3\",\"route_id\":\"5\",\"seat_id\":\"118\",\"timestamp\":1750919245}', '1750919245', '1750919245');

-- Table structure for table `bus`
DROP TABLE IF EXISTS `bus`;
CREATE TABLE `bus` (
  `id` int(11) NOT NULL AUTO_INCREMENT,
  `type` varchar(32) NOT NULL,
  `plate_number` varchar(32) NOT NULL,
  `seat_count` int(11) NOT NULL,
  `image` varchar(255) DEFAULT NULL,
  `created_at` int(11) NOT NULL,
  `updated_at` int(11) NOT NULL,
  `class` varchar(32) NOT NULL DEFAULT 'middle_class' COMMENT 'Luxury, Semi-Luxury, Middle Class',
  `seating_config` varchar(10) NOT NULL DEFAULT '2x2' COMMENT '1x2, 2x2, 2x3',
  `status` varchar(16) NOT NULL DEFAULT 'active',
  `description` text DEFAULT NULL COMMENT 'Bus description and amenities',
  `amenities` text DEFAULT NULL COMMENT 'JSON array of amenities',
  `price_multiplier` decimal(5,2) NOT NULL DEFAULT 1.00 COMMENT 'Price multiplier for this bus class',
  PRIMARY KEY (`id`),
  KEY `idx-bus-plate_number` (`plate_number`),
  KEY `idx-bus-type` (`type`),
  KEY `idx-bus-class` (`class`)
) ENGINE=InnoDB AUTO_INCREMENT=6 DEFAULT CHARSET=utf8mb4 COLLATE=utf8mb4_general_ci;

-- Data for table `bus`
INSERT INTO `bus` VALUES
('1', 'Luxury', 'TZ317B48', '30', NULL, '1750893100', '1750893100', 'luxury', '1x2', 'active', 'Premium luxury bus with maximum comfort', '[\"AC\",\"WiFi\",\"USB Charging\",\"Reclining Seats\",\"Entertainment System\",\"Refreshments\"]', '2.50'),
('2', 'Semi-Luxury', 'TZ68497F', '44', NULL, '1750893100', '1750893100', 'semi-luxury', '2x2', 'active', 'Comfortable semi-luxury bus', '[\"AC\",\"WiFi\",\"USB Charging\",\"Reclining Seats\",\"Entertainment System\"]', '1.80'),
('3', 'Middle Class', 'TZF58BB1', '44', NULL, '1750893100', '1750893100', 'middle_class', '2x2', 'active', 'Standard middle class bus service', '[\"AC\",\"WiFi\",\"USB Charging\"]', '1.00'),
('4', 'Economy', 'TZA11949', '60', NULL, '1750893100', '1750893100', 'economy', '2x3', 'active', 'Economy bus service', '[\"AC\",\"USB Charging\"]', '0.70'),
('5', 'Express', 'TZ32F772', '44', NULL, '1750893100', '1750893100', 'express', '2x2', 'active', 'Express bus service', '[\"AC\",\"WiFi\"]', '0.90');

-- Table structure for table `message`
DROP TABLE IF EXISTS `message`;
CREATE TABLE `message` (
  `id` int(11) NOT NULL AUTO_INCREMENT,
  `sender_id` int(11) NOT NULL,
  `recipient_id` int(11) NOT NULL,
  `subject` varchar(255) NOT NULL,
  `content` text NOT NULL,
  `attachment_path` varchar(500) DEFAULT NULL,
  `attachment_name` varchar(500) DEFAULT NULL,
  `is_read` smallint(6) NOT NULL DEFAULT 0,
  `created_at` int(11) NOT NULL,
  `updated_at` int(11) NOT NULL,
  PRIMARY KEY (`id`),
  KEY `idx-message-sender_id` (`sender_id`),
  KEY `idx-message-recipient_id` (`recipient_id`),
  KEY `idx-message-is_read` (`is_read`),
  KEY `idx-message-created_at` (`created_at`),
  CONSTRAINT `fk-message-recipient_id` FOREIGN KEY (`recipient_id`) REFERENCES `user` (`id`) ON DELETE CASCADE ON UPDATE CASCADE,
  CONSTRAINT `fk-message-sender_id` FOREIGN KEY (`sender_id`) REFERENCES `user` (`id`) ON DELETE CASCADE ON UPDATE CASCADE
) ENGINE=InnoDB AUTO_INCREMENT=6 DEFAULT CHARSET=utf8mb4 COLLATE=utf8mb4_general_ci;

-- Data for table `message`
INSERT INTO `message` VALUES
('1', '1', '3', 'emergency', 'come to my ofice mow', NULL, NULL, '1', '1750917915', '1750917960'),
('2', '3', '1', 'clear', 'on my way boss', NULL, NULL, '1', '1750918007', '1750918039'),
('3', '1', '3', 'image ', 'isend u images', NULL, NULL, '1', '1750918118', '1750918155'),
('4', '3', '1', 'emergency', 'see this', NULL, NULL, '1', '1750918959', '1750919015'),
('5', '1', '3', 'emergency', 'i need files updated', 'uploads/messages/685ce8c7ac05d_1.jpg', '1.jpg', '1', '1750919367', '1750919407');

-- Table structure for table `migration`
DROP TABLE IF EXISTS `migration`;
CREATE TABLE `migration` (
  `version` varchar(180) NOT NULL,
  `apply_time` int(11) DEFAULT NULL,
  PRIMARY KEY (`version`)
) ENGINE=InnoDB DEFAULT CHARSET=utf8mb4 COLLATE=utf8mb4_general_ci;

-- Data for table `migration`
INSERT INTO `migration` VALUES
('m000000_000000_base', '1750893097'),
('m130524_201442_init', '1750893100'),
('m190124_110200_add_verification_token_column_to_user_table', '1750893100'),
('m240601_000001_create_bus_table', '1750893100'),
('m240601_000002_create_seat_table', '1750893100'),
('m240601_000003_create_route_table', '1750893100'),
('m240601_000004_create_booking_table', '1750893100'),
('m240601_000005_consolidated_user_enhancements', '1750893100'),
('m240601_000006_consolidated_bus_enhancements', '1750893100'),
('m240601_000007_consolidated_route_enhancements', '1750893101'),
('m240601_000008_consolidated_booking_enhancements', '1750893101'),
('m240601_000022_regenerate_seats_with_proper_numbering', '1750893531'),
('m240601_000023_add_status_to_bus_table', '1750896861'),
('m240601_000024_create_message_table', '1750917279'),
('m240601_999999_insert_default_admin_users', '1750893103'),
('m250626_061715_fix_message_attachment_paths', '1750918709'),
('m250626_071120_create_notification_table', '1750921922');

-- Table structure for table `notification`
DROP TABLE IF EXISTS `notification`;
CREATE TABLE `notification` (
  `id` int(11) NOT NULL AUTO_INCREMENT,
  `sender_id` int(11) DEFAULT NULL,
  `recipient_id` int(11) DEFAULT NULL,
  `group` varchar(64) DEFAULT NULL,
  `title` varchar(255) NOT NULL,
  `message` text NOT NULL,
  `type` varchar(64) NOT NULL,
  `is_read` smallint(6) NOT NULL DEFAULT 0,
  `created_at` int(11) NOT NULL,
  `updated_at` int(11) NOT NULL,
  PRIMARY KEY (`id`),
  KEY `idx-notification-recipient_id` (`recipient_id`),
  KEY `idx-notification-group` (`group`),
  KEY `idx-notification-type` (`type`),
  KEY `fk-notification-sender` (`sender_id`),
  CONSTRAINT `fk-notification-recipient` FOREIGN KEY (`recipient_id`) REFERENCES `user` (`id`) ON DELETE SET NULL ON UPDATE CASCADE,
  CONSTRAINT `fk-notification-sender` FOREIGN KEY (`sender_id`) REFERENCES `user` (`id`) ON DELETE SET NULL ON UPDATE CASCADE
) ENGINE=InnoDB DEFAULT CHARSET=utf8mb4 COLLATE=utf8mb4_general_ci;

-- Table structure for table `route`
DROP TABLE IF EXISTS `route`;
CREATE TABLE `route` (
  `id` int(11) NOT NULL AUTO_INCREMENT,
  `origin` varchar(64) NOT NULL,
  `destination` varchar(64) NOT NULL,
  `price` decimal(10,2) NOT NULL,
  `created_at` int(11) NOT NULL,
  `updated_at` int(11) NOT NULL,
  `distance` int(11) DEFAULT 0 COMMENT 'Distance in kilometers',
  `duration` int(11) NOT NULL DEFAULT 1 COMMENT 'Duration in hours',
  `departure_time` datetime DEFAULT NULL COMMENT 'Departure time for the route',
  PRIMARY KEY (`id`),
  KEY `idx-route-origin` (`origin`),
  KEY `idx-route-destination` (`destination`),
  KEY `idx-route-origin-destination` (`origin`,`destination`)
) ENGINE=InnoDB AUTO_INCREMENT=19 DEFAULT CHARSET=utf8mb4 COLLATE=utf8mb4_general_ci;

-- Data for table `route`
INSERT INTO `route` VALUES
('1', 'Dar es Salaam', 'Arusha', '80000.00', '1750893100', '1750893100', '500', '8', '2024-01-15 08:00:00'),
('2', 'Dar es Salaam', 'Mwanza', '90000.00', '1750893100', '1750893100', '1200', '18', '2024-01-15 07:30:00'),
('3', 'Dar es Salaam', 'Mbeya', '70000.00', '1750893100', '1750893100', '800', '12', '2024-01-15 09:00:00'),
('4', 'Dar es Salaam', 'Dodoma', '50000.00', '1750893100', '1750893100', '450', '7', '2024-01-15 06:00:00'),
('5', 'Dar es Salaam', 'Moshi', '85000.00', '1750893100', '1750893100', '550', '9', '2024-01-15 08:30:00'),
('6', 'Dar es Salaam', 'Tanga', '40000.00', '1750893100', '1750893100', '350', '6', '2024-01-15 10:00:00'),
('7', 'Dar es Salaam', 'Morogoro', '25000.00', '1750893100', '1750893100', '200', '3', '2024-01-15 14:00:00'),
('8', 'Dar es Salaam', 'Iringa', '60000.00', '1750893100', '1750893100', '650', '10', '2024-01-15 11:00:00'),
('9', 'Dar es Salaam', 'Tabora', '95000.00', '1750893100', '1750893100', '1000', '15', '2024-01-15 06:30:00'),
('10', 'Dar es Salaam', 'Kigoma', '120000.00', '1750893100', '1750893100', '1300', '20', '2024-01-15 05:00:00'),
('11', 'Arusha', 'Mwanza', '75000.00', '1750893100', '1750893100', '700', '11', '2024-01-15 08:30:00'),
('12', 'Arusha', 'Dodoma', '55000.00', '1750893100', '1750893100', '400', '6', '2024-01-15 09:30:00'),
('13', 'Mwanza', 'Dodoma', '80000.00', '1750893100', '1750893100', '800', '12', '2024-01-15 07:00:00'),
('14', 'Mwanza', 'Mbeya', '85000.00', '1750893100', '1750893100', '1000', '15', '2024-01-15 06:30:00'),
('15', 'Dodoma', 'Mbeya', '65000.00', '1750893100', '1750893100', '600', '9', '2024-01-15 08:00:00'),
('16', 'Tanga', 'Arusha', '45000.00', '1750893100', '1750893100', '300', '5', '2024-01-15 11:00:00'),
('17', 'Morogoro', 'Dodoma', '35000.00', '1750893100', '1750893100', '250', '4', '2024-01-15 13:00:00'),
('18', 'Morogoro', 'Mbeya', '65000.00', '1750893100', '1750893100', '600', '9', '2024-01-15 12:00:00');

-- Table structure for table `seat`
DROP TABLE IF EXISTS `seat`;
CREATE TABLE `seat` (
  `id` int(11) NOT NULL AUTO_INCREMENT,
  `bus_id` int(11) NOT NULL,
  `seat_number` varchar(8) NOT NULL,
  `status` varchar(16) NOT NULL DEFAULT 'available',
  `created_at` int(11) NOT NULL,
  `updated_at` int(11) NOT NULL,
  `type` varchar(32) NOT NULL DEFAULT 'Standard' COMMENT 'Seat type: Standard, Comfort, Premium',
  PRIMARY KEY (`id`),
  KEY `fk-seat-bus_id` (`bus_id`),
  CONSTRAINT `fk-seat-bus_id` FOREIGN KEY (`bus_id`) REFERENCES `bus` (`id`) ON DELETE CASCADE
) ENGINE=InnoDB AUTO_INCREMENT=223 DEFAULT CHARSET=utf8mb4 COLLATE=utf8mb4_general_ci;

-- Data for table `seat`
INSERT INTO `seat` VALUES
('1', '1', '1', 'available', '1750893531', '1750893531', 'Standard'),
('2', '1', '2', 'available', '1750893531', '1750893531', 'Standard'),
('3', '1', '3', 'available', '1750893531', '1750893531', 'Standard'),
('4', '1', '4', 'available', '1750893531', '1750893531', 'Standard'),
('5', '1', '5', 'available', '1750893531', '1750893531', 'Standard'),
('6', '1', '6', 'available', '1750893531', '1750893531', 'Standard'),
('7', '1', '7', 'available', '1750893531', '1750893531', 'Standard'),
('8', '1', '8', 'available', '1750893531', '1750893531', 'Standard'),
('9', '1', '9', 'available', '1750893531', '1750893531', 'Standard'),
('10', '1', '10', 'available', '1750893531', '1750893531', 'Standard'),
('11', '1', '11', 'booked', '1750893531', '1750893531', 'Standard'),
('12', '1', '12', 'available', '1750893531', '1750893531', 'Standard'),
('13', '1', '13', 'available', '1750893531', '1750893531', 'Standard'),
('14', '1', '14', 'available', '1750893531', '1750893531', 'Standard'),
('15', '1', '15', 'available', '1750893531', '1750893531', 'Standard'),
('16', '1', '16', 'available', '1750893531', '1750893531', 'Standard'),
('17', '1', '17', 'available', '1750893531', '1750893531', 'Standard'),
('18', '1', '18', 'available', '1750893531', '1750893531', 'Standard'),
('19', '1', '19', 'available', '1750893531', '1750893531', 'Standard'),
('20', '1', '20', 'available', '1750893531', '1750893531', 'Standard'),
('21', '1', '21', 'available', '1750893531', '1750893531', 'Standard'),
('22', '1', '22', 'available', '1750893531', '1750893531', 'Standard'),
('23', '1', '23', 'available', '1750893531', '1750893531', 'Standard'),
('24', '1', '24', 'available', '1750893531', '1750893531', 'Standard'),
('25', '1', '25', 'available', '1750893531', '1750893531', 'Standard'),
('26', '1', '26', 'available', '1750893531', '1750893531', 'Standard'),
('27', '1', '27', 'available', '1750893531', '1750893531', 'Standard'),
('28', '1', '28', 'available', '1750893531', '1750893531', 'Standard'),
('29', '1', '29', 'available', '1750893531', '1750893531', 'Standard'),
('30', '1', '30', 'available', '1750893531', '1750893531', 'Standard'),
('31', '2', '1', 'available', '1750893531', '1750893531', 'Standard'),
('32', '2', '2', 'available', '1750893531', '1750893531', 'Standard'),
('33', '2', '3', 'available', '1750893531', '1750893531', 'Standard'),
('34', '2', '4', 'available', '1750893531', '1750893531', 'Standard'),
('35', '2', '5', 'available', '1750893531', '1750893531', 'Standard'),
('36', '2', '6', 'available', '1750893531', '1750893531', 'Standard'),
('37', '2', '7', 'available', '1750893531', '1750893531', 'Standard'),
('38', '2', '8', 'available', '1750893531', '1750893531', 'Standard'),
('39', '2', '9', 'available', '1750893531', '1750893531', 'Standard'),
('40', '2', '10', 'available', '1750893531', '1750893531', 'Standard'),
('41', '2', '11', 'available', '1750893531', '1750893531', 'Standard'),
('42', '2', '12', 'available', '1750893531', '1750893531', 'Standard'),
('43', '2', '13', 'available', '1750893531', '1750893531', 'Standard'),
('44', '2', '14', 'available', '1750893531', '1750893531', 'Standard'),
('45', '2', '15', 'available', '1750893531', '1750893531', 'Standard'),
('46', '2', '16', 'available', '1750893531', '1750893531', 'Standard'),
('47', '2', '17', 'available', '1750893531', '1750893531', 'Standard'),
('48', '2', '18', 'available', '1750893531', '1750893531', 'Standard'),
('49', '2', '19', 'available', '1750893531', '1750893531', 'Standard'),
('50', '2', '20', 'available', '1750893531', '1750893531', 'Standard'),
('51', '2', '21', 'available', '1750893531', '1750893531', 'Standard'),
('52', '2', '22', 'available', '1750893531', '1750893531', 'Standard'),
('53', '2', '23', 'available', '1750893531', '1750893531', 'Standard'),
('54', '2', '24', 'available', '1750893531', '1750893531', 'Standard'),
('55', '2', '25', 'available', '1750893531', '1750893531', 'Standard'),
('56', '2', '26', 'available', '1750893531', '1750893531', 'Standard'),
('57', '2', '27', 'available', '1750893531', '1750893531', 'Standard'),
('58', '2', '28', 'available', '1750893531', '1750893531', 'Standard'),
('59', '2', '29', 'available', '1750893531', '1750893531', 'Standard'),
('60', '2', '30', 'available', '1750893531', '1750893531', 'Standard'),
('61', '2', '31', 'available', '1750893531', '1750893531', 'Standard'),
('62', '2', '32', 'available', '1750893531', '1750893531', 'Standard'),
('63', '2', '33', 'available', '1750893531', '1750893531', 'Standard'),
('64', '2', '34', 'available', '1750893531', '1750893531', 'Standard'),
('65', '2', '35', 'available', '1750893531', '1750893531', 'Standard'),
('66', '2', '36', 'available', '1750893531', '1750893531', 'Standard'),
('67', '2', '37', 'available', '1750893531', '1750893531', 'Standard'),
('68', '2', '38', 'available', '1750893531', '1750893531', 'Standard'),
('69', '2', '39', 'available', '1750893531', '1750893531', 'Standard'),
('70', '2', '40', 'available', '1750893531', '1750893531', 'Standard'),
('71', '2', '41', 'available', '1750893531', '1750893531', 'Standard'),
('72', '2', '42', 'available', '1750893531', '1750893531', 'Standard'),
('73', '2', '43', 'available', '1750893531', '1750893531', 'Standard'),
('74', '2', '44', 'available', '1750893531', '1750893531', 'Standard'),
('75', '3', '1', 'available', '1750893531', '1750893531', 'Standard'),
('76', '3', '2', 'available', '1750893531', '1750893531', 'Standard'),
('77', '3', '3', 'available', '1750893531', '1750893531', 'Standard'),
('78', '3', '4', 'available', '1750893531', '1750893531', 'Standard'),
('79', '3', '5', 'available', '1750893531', '1750893531', 'Standard'),
('80', '3', '6', 'available', '1750893531', '1750893531', 'Standard'),
('81', '3', '7', 'available', '1750893531', '1750893531', 'Standard'),
('82', '3', '8', 'available', '1750893531', '1750893531', 'Standard'),
('83', '3', '9', 'available', '1750893531', '1750893531', 'Standard'),
('84', '3', '10', 'available', '1750893531', '1750893531', 'Standard'),
('85', '3', '11', 'available', '1750893531', '1750893531', 'Standard'),
('86', '3', '12', 'available', '1750893531', '1750893531', 'Standard'),
('87', '3', '13', 'available', '1750893531', '1750893531', 'Standard'),
('88', '3', '14', 'available', '1750893531', '1750893531', 'Standard'),
('89', '3', '15', 'available', '1750893531', '1750893531', 'Standard'),
('90', '3', '16', 'available', '1750893531', '1750893531', 'Standard'),
('91', '3', '17', 'available', '1750893531', '1750893531', 'Standard'),
('92', '3', '18', 'available', '1750893531', '1750893531', 'Standard'),
('93', '3', '19', 'available', '1750893531', '1750893531', 'Standard'),
('94', '3', '20', 'available', '1750893531', '1750893531', 'Standard'),
('95', '3', '21', 'available', '1750893531', '1750893531', 'Standard'),
('96', '3', '22', 'available', '1750893531', '1750893531', 'Standard'),
('97', '3', '23', 'available', '1750893531', '1750893531', 'Standard'),
('98', '3', '24', 'available', '1750893531', '1750893531', 'Standard'),
('99', '3', '25', 'available', '1750893531', '1750893531', 'Standard'),
('100', '3', '26', 'available', '1750893531', '1750893531', 'Standard'),
('101', '3', '27', 'available', '1750893531', '1750893531', 'Standard'),
('102', '3', '28', 'available', '1750893531', '1750893531', 'Standard'),
('103', '3', '29', 'available', '1750893531', '1750893531', 'Standard'),
('104', '3', '30', 'available', '1750893531', '1750893531', 'Standard'),
('105', '3', '31', 'available', '1750893531', '1750893531', 'Standard'),
('106', '3', '32', 'available', '1750893531', '1750893531', 'Standard'),
('107', '3', '33', 'available', '1750893531', '1750893531', 'Standard'),
('108', '3', '34', 'available', '1750893531', '1750893531', 'Standard'),
('109', '3', '35', 'available', '1750893531', '1750893531', 'Standard'),
('110', '3', '36', 'available', '1750893531', '1750893531', 'Standard'),
('111', '3', '37', 'available', '1750893531', '1750893531', 'Standard'),
('112', '3', '38', 'available', '1750893531', '1750893531', 'Standard'),
('113', '3', '39', 'available', '1750893531', '1750893531', 'Standard'),
('114', '3', '40', 'available', '1750893531', '1750893531', 'Standard'),
('115', '3', '41', 'available', '1750893531', '1750893531', 'Standard'),
('116', '3', '42', 'available', '1750893531', '1750893531', 'Standard'),
('117', '3', '43', 'available', '1750893531', '1750893531', 'Standard'),
('118', '3', '44', 'booked', '1750893531', '1750893531', 'Standard'),
('119', '4', '1', 'available', '1750893531', '1750893531', 'Standard'),
('120', '4', '2', 'available', '1750893531', '1750893531', 'Standard'),
('121', '4', '3', 'available', '1750893531', '1750893531', 'Standard'),
('122', '4', '4', 'available', '1750893531', '1750893531', 'Standard'),
('123', '4', '5', 'available', '1750893531', '1750893531', 'Standard'),
('124', '4', '6', 'available', '1750893531', '1750893531', 'Standard'),
('125', '4', '7', 'available', '1750893531', '1750893531', 'Standard'),
('126', '4', '8', 'available', '1750893531', '1750893531', 'Standard'),
('127', '4', '9', 'available', '1750893531', '1750893531', 'Standard'),
('128', '4', '10', 'available', '1750893531', '1750893531', 'Standard'),
('129', '4', '11', 'available', '1750893531', '1750893531', 'Standard'),
('130', '4', '12', 'available', '1750893531', '1750893531', 'Standard'),
('131', '4', '13', 'available', '1750893531', '1750893531', 'Standard'),
('132', '4', '14', 'available', '1750893531', '1750893531', 'Standard'),
('133', '4', '15', 'available', '1750893531', '1750893531', 'Standard'),
('134', '4', '16', 'available', '1750893531', '1750893531', 'Standard'),
('135', '4', '17', 'available', '1750893531', '1750893531', 'Standard'),
('136', '4', '18', 'available', '1750893531', '1750893531', 'Standard'),
('137', '4', '19', 'available', '1750893531', '1750893531', 'Standard'),
('138', '4', '20', 'available', '1750893531', '1750893531', 'Standard'),
('139', '4', '21', 'available', '1750893531', '1750893531', 'Standard'),
('140', '4', '22', 'available', '1750893531', '1750893531', 'Standard'),
('141', '4', '23', 'available', '1750893531', '1750893531', 'Standard'),
('142', '4', '24', 'available', '1750893531', '1750893531', 'Standard'),
('143', '4', '25', 'available', '1750893531', '1750893531', 'Standard'),
('144', '4', '26', 'available', '1750893531', '1750893531', 'Standard'),
('145', '4', '27', 'available', '1750893531', '1750893531', 'Standard'),
('146', '4', '28', 'available', '1750893531', '1750893531', 'Standard'),
('147', '4', '29', 'available', '1750893531', '1750893531', 'Standard'),
('148', '4', '30', 'available', '1750893531', '1750893531', 'Standard'),
('149', '4', '31', 'available', '1750893531', '1750893531', 'Standard'),
('150', '4', '32', 'available', '1750893531', '1750893531', 'Standard'),
('151', '4', '33', 'available', '1750893531', '1750893531', 'Standard'),
('152', '4', '34', 'available', '1750893531', '1750893531', 'Standard'),
('153', '4', '35', 'available', '1750893531', '1750893531', 'Standard'),
('154', '4', '36', 'available', '1750893531', '1750893531', 'Standard'),
('155', '4', '37', 'available', '1750893531', '1750893531', 'Standard'),
('156', '4', '38', 'available', '1750893531', '1750893531', 'Standard'),
('157', '4', '39', 'available', '1750893531', '1750893531', 'Standard'),
('158', '4', '40', 'available', '1750893531', '1750893531', 'Standard'),
('159', '4', '41', 'available', '1750893531', '1750893531', 'Standard'),
('160', '4', '42', 'available', '1750893531', '1750893531', 'Standard'),
('161', '4', '43', 'available', '1750893531', '1750893531', 'Standard'),
('162', '4', '44', 'available', '1750893531', '1750893531', 'Standard'),
('163', '4', '45', 'available', '1750893531', '1750893531', 'Standard'),
('164', '4', '46', 'available', '1750893531', '1750893531', 'Standard'),
('165', '4', '47', 'available', '1750893531', '1750893531', 'Standard'),
('166', '4', '48', 'available', '1750893531', '1750893531', 'Standard'),
('167', '4', '49', 'available', '1750893531', '1750893531', 'Standard'),
('168', '4', '50', 'available', '1750893531', '1750893531', 'Standard'),
('169', '4', '51', 'available', '1750893531', '1750893531', 'Standard'),
('170', '4', '52', 'available', '1750893531', '1750893531', 'Standard'),
('171', '4', '53', 'available', '1750893531', '1750893531', 'Standard'),
('172', '4', '54', 'available', '1750893531', '1750893531', 'Standard'),
('173', '4', '55', 'available', '1750893531', '1750893531', 'Standard'),
('174', '4', '56', 'available', '1750893531', '1750893531', 'Standard'),
('175', '4', '57', 'available', '1750893531', '1750893531', 'Standard'),
('176', '4', '58', 'available', '1750893531', '1750893531', 'Standard'),
('177', '4', '59', 'available', '1750893531', '1750893531', 'Standard'),
('178', '4', '60', 'available', '1750893531', '1750893531', 'Standard'),
('179', '5', '1', 'available', '1750893531', '1750893531', 'Standard'),
('180', '5', '2', 'available', '1750893531', '1750893531', 'Standard'),
('181', '5', '3', 'available', '1750893531', '1750893531', 'Standard'),
('182', '5', '4', 'available', '1750893531', '1750893531', 'Standard'),
('183', '5', '5', 'available', '1750893531', '1750893531', 'Standard'),
('184', '5', '6', 'available', '1750893531', '1750893531', 'Standard'),
('185', '5', '7', 'available', '1750893531', '1750893531', 'Standard'),
('186', '5', '8', 'available', '1750893531', '1750893531', 'Standard'),
('187', '5', '9', 'available', '1750893531', '1750893531', 'Standard'),
('188', '5', '10', 'available', '1750893531', '1750893531', 'Standard'),
('189', '5', '11', 'available', '1750893531', '1750893531', 'Standard'),
('190', '5', '12', 'available', '1750893531', '1750893531', 'Standard'),
('191', '5', '13', 'available', '1750893531', '1750893531', 'Standard'),
('192', '5', '14', 'available', '1750893531', '1750893531', 'Standard'),
('193', '5', '15', 'available', '1750893531', '1750893531', 'Standard'),
('194', '5', '16', 'available', '1750893531', '1750893531', 'Standard'),
('195', '5', '17', 'available', '1750893531', '1750893531', 'Standard'),
('196', '5', '18', 'available', '1750893531', '1750893531', 'Standard'),
('197', '5', '19', 'available', '1750893531', '1750893531', 'Standard'),
('198', '5', '20', 'available', '1750893531', '1750893531', 'Standard'),
('199', '5', '21', 'available', '1750893531', '1750893531', 'Standard'),
('200', '5', '22', 'available', '1750893531', '1750893531', 'Standard'),
('201', '5', '23', 'available', '1750893531', '1750893531', 'Standard'),
('202', '5', '24', 'available', '1750893531', '1750893531', 'Standard'),
('203', '5', '25', 'available', '1750893531', '1750893531', 'Standard'),
('204', '5', '26', 'available', '1750893531', '1750893531', 'Standard'),
('205', '5', '27', 'available', '1750893531', '1750893531', 'Standard'),
('206', '5', '28', 'available', '1750893531', '1750893531', 'Standard'),
('207', '5', '29', 'available', '1750893531', '1750893531', 'Standard'),
('208', '5', '30', 'available', '1750893531', '1750893531', 'Standard'),
('209', '5', '31', 'available', '1750893531', '1750893531', 'Standard'),
('210', '5', '32', 'available', '1750893531', '1750893531', 'Standard'),
('211', '5', '33', 'available', '1750893531', '1750893531', 'Standard'),
('212', '5', '34', 'available', '1750893531', '1750893531', 'Standard'),
('213', '5', '35', 'available', '1750893531', '1750893531', 'Standard'),
('214', '5', '36', 'available', '1750893531', '1750893531', 'Standard'),
('215', '5', '37', 'available', '1750893531', '1750893531', 'Standard'),
('216', '5', '38', 'available', '1750893531', '1750893531', 'Standard'),
('217', '5', '39', 'available', '1750893531', '1750893531', 'Standard'),
('218', '5', '40', 'available', '1750893531', '1750893531', 'Standard'),
('219', '5', '41', 'available', '1750893531', '1750893531', 'Standard'),
('220', '5', '42', 'available', '1750893531', '1750893531', 'Standard'),
('221', '5', '43', 'available', '1750893531', '1750893531', 'Standard'),
('222', '5', '44', 'available', '1750893531', '1750893531', 'Standard');

-- Table structure for table `user`
DROP TABLE IF EXISTS `user`;
CREATE TABLE `user` (
  `id` int(11) NOT NULL AUTO_INCREMENT,
  `username` varchar(255) NOT NULL,
  `auth_key` varchar(32) NOT NULL,
  `password_hash` varchar(255) NOT NULL,
  `password_reset_token` varchar(255) DEFAULT NULL,
  `email` varchar(255) NOT NULL,
  `profile_picture` varchar(255) DEFAULT NULL,
  `role` varchar(16) NOT NULL DEFAULT 'user',
  `status` smallint(6) NOT NULL DEFAULT 10,
  `created_at` int(11) NOT NULL,
  `updated_at` int(11) NOT NULL,
  `last_login` int(11) DEFAULT NULL,
  `verification_token` varchar(255) DEFAULT NULL,
  PRIMARY KEY (`id`),
  UNIQUE KEY `username` (`username`),
  UNIQUE KEY `email` (`email`),
  UNIQUE KEY `password_reset_token` (`password_reset_token`),
  KEY `idx-user-email` (`email`),
  KEY `idx-user-username` (`username`),
  KEY `idx-user-role` (`role`),
  KEY `idx-user-status` (`status`),
  KEY `idx-user-created_at` (`created_at`)
) ENGINE=InnoDB AUTO_INCREMENT=8 DEFAULT CHARSET=utf8 COLLATE=utf8_unicode_ci;

-- Data for table `user`
INSERT INTO `user` VALUES
('1', 'superadmin', '6FUzrFoBMY8OaJbQ3SaETl2gIi2WiDSL', '$2y$13$Yb1Kio5sMpIDD1vNPBa2w.ztF6hrxeY0ybK1WBnqrCbduEjhRwpZG', NULL, 'super@admin.com', NULL, 'superadmin', '10', '1750893101', '1750919005', '1750919005', NULL),
('2', 'admin', 'ykWa-AHg_tGhE3q7UWyiWsR8l-mXlCJL', '$2y$13$/zKIHJew4dxeZKPHF24N3./QFZzdzFTjvXiwXhpTW7VRRzsZtDp.6', NULL, 'admin@admin.com', NULL, 'admin', '10', '1750893101', '1750919461', '1750919461', NULL),
('3', 'manager', 'xJQrwzzWkURWLhvSBD3vKRx9_tokeSjl', '$2y$13$lPFEK0u2FqHkbI4l8g78v.82OYgik6Q6fyiTKanpPL6oUXzT1lpu6', NULL, 'manager@admin.com', NULL, 'manager', '10', '1750893101', '1750919399', '1750919399', NULL),
('4', 'staff', 'qMpeXZUnENrBK6hyvfizp7BnM4ZfUB91', '$2y$13$qm/Ho79V8.mUFeLnLBWJm.b9mBmDg5DEKoVvGfJztfgD.2xCz/w7m', NULL, 'staff@admin.com', NULL, 'staff', '10', '1750893101', '1750899223', '1750899223', NULL),
('5', 'manyama', 'P_IaTKHz3MEDmprTNgVdhzutGkQ9fEP2', '$2y$13$29Nzxr/b5vUfyqgl5IrriO0u/3sohzhxDMYq1yuHl/Ea.mEcyCoAe', NULL, 'dickensmanyama8@gmail.com', NULL, 'user', '10', '1750893158', '1750893177', '1750893177', NULL),
('6', '', '', '', NULL, '', NULL, 'admin', '10', '1750897249', '1750897249', NULL, NULL),
('7', 'dickens3', 'WvcYQyJbXBvvRa8yYXUtSCG7gPHN0Psj', '$2y$13$VoS6rwWOazxWyHcZacPd3el/3dlhyzvutP94bjimGW5nVDqLr3i1m', NULL, 'dickensmanyama82@gmail.com', NULL, 'admin', '10', '1750897521', '1750897556', '1750897556', NULL);

